"case.name","case.issue","WHRehnquist","JPStevens","SDOConnor","AScalia","AMKennedy","DHSouter","CThomas","RBGinsburg","SGBreyer"
"6895","1994-001","2",1,2,1,1,1,1,1,1,1
"6896","1994-002","2",1,1,1,1,1,1,1,1,1
"6897","1994-003","1",1,1,1,1,1,1,1,1,1
"6898","1994-004","9",2,2,2,2,2,2,2,2,2
"6899","1994-005","8",2,1,2,2,1,1,2,1,1
"6900","1994-006","3",2,2,2,1,2,2,1,2,2
"6902","1994-008","8",1,1,1,1,1,1,1,1,1
"6903","1994-009","2",2,2,2,2,2,2,2,2,2
"6904","1994-010","10",1,1,1,1,1,1,1,1,1
"6905","1994-011","9",1,1,1,1,1,1,1,1,1
"6906","1994-012","1",1,2,1,2,2,2,1,2,1
"6907","1994-013","8",1,2,1,1,1,1,1,1,1
"6908","1994-014","1",1,2,1,1,1,2,1,1,1
"6910","1994-016","9",1,1,1,1,1,1,1,1,1
"6911","1994-017","10",2,2,2,1,2,2,1,2,2
"6912","1994-018","1",1,2,2,1,1,2,1,2,2
"6913","1994-019","2",2,2,2,2,2,2,2,2,2
"6914","1994-020","1",1,2,1,1,1,1,1,1,1
"6915","1994-021","3",2,2,1,2,2,2,2,2,2
"6916","1994-022","8",1,1,1,1,1,1,1,1,1
"6917","1994-023","1",1,2,2,1,2,2,1,2,2
"6918","1994-024","3",1,2,2,1,2,2,1,2,2
"6919","1994-025","1",1,2,1,1,1,1,1,1,1
"6921","1994-027","9",1,1,1,1,1,1,1,1,1
"6922","1994-028","8",1,1,1,2,1,1,2,2,2
"6923","1994-029","1",1,2,1,1,1,1,1,2,1
"6924","1994-030","9",1,1,1,1,1,1,1,1,1
"6925","1994-031","8",2,2,2,2,2,2,1,2,2
"6926","1994-032","8",1,1,1,1,1,1,1,1,1
"6927","1994-033","9",1,1,2,2,1,2,2,1,1
"6928","1994-034","1",1,1,1,1,1,1,1,1,1
"6929","1994-035","9",1,1,1,1,1,1,1,1,1
"6930","1994-036","2",1,1,1,1,1,1,1,1,1
"6931","1994-037","8",1,1,1,1,1,1,1,1,1
"6932","1994-038","8",2,2,1,2,2,2,2,2,1
"6933","1994-039","2",1,2,1,1,1,1,1,1,1
"6935","1994-041","8",2,2,2,2,2,2,2,2,2
"6936","1994-042","10",1,1,1,1,1,1,1,1,1
"6937","1994-043","8",2,2,2,2,2,2,2,2,2
"6938","1994-044","9",1,2,1,1,1,1,1,2,1
"6939","1994-045","3",1,2,2,1,2,2,2,2,2
"6940","1994-046","2",1,1,2,1,1,2,1,1,2
"6941","1994-047","1",1,2,2,1,1,2,1,2,2
"6942","1994-048","3",2,2,2,2,2,2,2,2,2
"6943","1994-049","1",1,2,1,1,1,2,1,1,1
"6944","1994-050","12",2,1,1,1,2,1,2,1,1
"6945","1994-051","10",1,2,1,1,1,2,1,2,2
"6946","1994-052","10",1,1,1,1,1,1,1,1,1
"6947","1994-053","1",1,1,1,1,1,1,1,1,1
"6949","1994-055","1",1,2,1,2,2,1,2,2,2
"6950","1994-056","2",2,2,2,1,1,2,1,2,2
"6951","1994-057","4",2,2,2,2,2,2,2,2,2
"6952","1994-058","2",1,2,1,1,1,1,1,1,2
"6953","1994-059","10",1,2,1,1,2,2,1,2,2
"6954","1994-060","1",2,2,2,2,2,2,2,2,2
"6955","1994-061","8",2,2,2,2,2,2,2,2,2
"6957","1994-063","1",1,1,1,1,1,1,1,1,1
"6958","1994-064","1",1,2,2,2,2,2,1,2,2
"6959","1994-065","1",1,2,1,1,1,1,1,1,1
"6960","1994-066","2",1,2,1,1,1,2,1,2,2
"6961","1994-067","2",2,2,2,2,2,2,2,2,2
"6963","1994-069","2",1,2,1,1,1,2,1,2,2
"6965","1994-071","8",1,2,1,1,1,1,1,1,1
"6966","1994-072","9",1,1,1,1,1,1,1,1,1
"6967","1994-073","9",2,2,2,2,2,2,2,2,2
"6968","1994-074","12",2,2,1,2,2,1,1,2,2
"6969","1994-075","8",2,2,2,2,2,2,2,2,2
"6970","1994-076","1",1,2,1,1,1,1,1,1,1
"6971","1994-077","9",1,2,2,1,2,1,1,2,2
"6972","1994-078","2",1,2,2,1,1,2,1,1,2
"6973","1994-080","4",1,2,1,1,1,2,1,2,2
"6974","1994-081","1",2,2,2,2,2,2,2,2,2
"6976","1994-083","3",2,2,2,2,2,2,2,2,2
"6977","1994-084","9",1,1,1,1,1,1,1,1,1
"6978","1994-085","1",2,2,2,1,1,2,1,2,2
"6979","1994-086","6",1,2,1,1,2,2,1,2,1
"6980","1994-087","5",1,2,2,1,1,2,1,1,1
"6981","1994-088","8",1,2,2,1,2,2,1,2,2
"6982","1994-089","9",1,1,1,1,1,1,1,1,1
"6983","1994-090","3",1,2,1,1,1,1,1,2,1
"6984","1994-091","3",1,2,1,1,1,2,1,2,2
"6985","1994-092","2",1,2,1,1,1,2,1,2,2
"6986","1994-093","1",1,2,1,1,1,2,1,2,2
"6988","1995-002","1",2,2,2,2,2,2,2,2,2
"6989","1995-003","8",1,1,1,1,1,1,1,1,1
"6991","1995-005","1",1,2,1,1,1,1,1,1,1
"6992","1995-006","8",1,1,1,2,1,1,1,1,2
"6993","1995-007","7",2,2,2,2,2,2,2,2,2
"6994","1995-008","1",1,2,2,2,2,2,1,2,2
"6996","1995-010","9",1,1,1,1,1,1,1,1,1
"6997","1995-011","1",2,2,2,2,2,2,2,2,2
"6998","1995-012","7",1,1,1,1,1,1,1,1,1
"6999","1995-013","9",2,2,2,1,2,2,1,2,2
"7000","1995-014","9",1,2,2,1,2,2,1,2,2
"7001","1995-015","8",2,2,2,2,2,2,2,2,2
"7002","1995-016","8",1,1,1,1,1,1,1,1,1
"7004","1995-018","12",2,1,2,2,2,2,1,2,2
"7005","1995-019","8",2,2,2,2,2,2,2,2,2
"7006","1995-020","1",1,1,1,1,1,1,1,1,1
"7007","1995-021","2",1,2,1,1,1,1,1,1,1
"7008","1995-022","9",2,1,2,2,2,2,2,2,1
"7009","1995-023","8",1,1,1,1,1,1,1,1,1
"7010","1995-024","8",1,2,1,1,1,1,1,1,1
"7013","1995-027","9",1,2,1,1,1,2,1,2,1
"7014","1995-028","8",1,1,1,1,1,1,1,1,1
"7015","1995-029","9",1,1,1,1,1,1,1,1,1
"7017","1995-031","4",1,2,1,1,2,2,1,1,2
"7018","1995-032","10",1,1,1,1,1,1,1,1,1
"7019","1995-033","9",1,1,1,1,1,1,1,1,1
"7020","1995-034","8",2,2,1,1,2,2,1,2,2
"7021","1995-035","2",1,1,1,1,1,1,1,1,1
"7022","1995-036","10",2,2,2,2,2,2,2,2,2
"7023","1995-037","10",1,2,1,1,1,2,1,2,2
"7024","1995-038","2",1,2,2,1,1,2,1,2,2
"7025","1995-039","1",2,2,2,2,2,2,2,2,2
"7026","1995-040","2",2,2,2,2,2,2,2,2,2
"7027","1995-041","1",1,2,2,1,1,2,1,2,2
"7028","1995-042","2",1,2,1,1,1,1,1,1,1
"7029","1995-043","1",1,2,1,1,1,2,1,2,1
"7030","1995-044","4",2,2,2,2,2,2,2,2,2
"7031","1995-045","1",1,1,1,1,1,1,1,1,1
"7032","1995-046","7",1,2,1,1,2,2,1,2,2
"7033","1995-047","1",1,2,1,1,2,1,1,1,1
"7034","1995-048","1",1,2,1,1,1,1,1,1,1
"7035","1995-049","3",2,2,2,2,2,2,2,2,2
"7036","1995-050","12",2,2,2,2,2,2,2,2,2
"7037","1995-051","9",2,2,2,2,2,2,2,2,2
"7038","1995-052","8",2,1,1,2,1,1,2,2,1
"7039","1995-053","5",1,2,2,1,2,2,1,2,2
"7040","1995-054","9",1,2,1,2,2,2,1,2,2
"7041","1995-055","10",2,2,2,2,2,2,1,2,2
"7042","1995-056","1",2,2,2,1,2,2,2,2,2
"7043","1995-057","9",2,2,2,2,2,2,2,2,2
"7044","1995-058","9",1,1,1,1,1,1,1,1,1
"7045","1995-059","2",1,1,1,1,1,1,1,1,1
"7046","1995-060","7",2,2,2,2,2,2,2,2,2
"7047","1995-061","4",2,2,2,2,2,2,2,2,2
"7048","1995-062","1",1,1,1,1,1,1,1,1,1
"7049","1995-063","1",2,2,2,2,2,2,2,2,2
"7050","1995-064","8",1,1,1,1,1,1,1,1,1
"7052","1995-066","8",1,1,1,1,1,1,1,1,1
"7053","1995-067","2",1,2,1,1,1,2,1,2,2
"7054","1995-068","2",1,2,1,1,1,2,1,2,2
"7055","1995-069","9",1,2,2,1,2,2,2,2,2
"7056","1995-070","4",1,2,2,1,1,2,1,1,2
"7057","1995-071","1",2,1,2,2,2,1,2,1,1
"7058","1995-072","1",1,1,2,1,1,1,1,1,2
"7060","1995-074","9",2,2,2,2,2,2,2,2,2
"7061","1995-075","1",1,2,1,1,1,2,1,2,2
"7062","1995-076","8",2,1,2,2,2,2,2,2,1
"7063","1995-077","12",2,2,2,2,2,2,2,2,2
"7064","1995-078","8",1,2,1,1,1,1,1,1,1
"7065","1995-079","1",1,2,1,1,1,1,1,1,1
"7066","1995-080","1",1,2,1,1,1,1,1,2,1
"7067","1995-081","4",1,2,1,1,1,1,1,1,1
"7068","1995-082","9",1,2,2,1,2,2,1,2,2
"7069","1995-084","10",1,2,1,1,2,2,1,2,2
"7071","1995-086","3",1,2,1,1,1,1,1,2,1
"7072","1995-087","1",1,1,1,1,1,1,1,1,1
"7073","1995-088","3",2,2,2,1,2,2,1,2,2
"7074","1995-089","3",2,2,2,1,2,2,1,2,2
"7075","1995-090","3",1,1,1,1,2,1,1,2,1
"7076","1995-095","8",2,1,1,1,1,1,1,2,1
"7077","1995-096","1",1,2,1,1,1,1,1,2,1
"7078","1996-001","2",1,1,1,1,1,1,1,1,1
"7079","1996-002","1",1,1,1,1,1,1,1,1,1
"7080","1996-003","2",2,2,2,2,2,2,2,2,2
"7081","1996-004","2",1,1,1,1,1,1,1,1,1
"7082","1996-005","1",1,2,1,1,1,1,1,1,1
"7083","1996-006","9",2,2,2,2,2,2,2,2,2
"7084","1996-007","2",1,2,1,1,1,1,1,1,1
"7085","1996-008","9",2,2,2,2,2,2,2,2,2
"7086","1996-009","12",2,2,1,1,2,2,1,2,2
"7087","1996-010","2",1,2,2,1,2,2,1,2,2
"7088","1996-011","9",1,1,1,1,1,1,1,1,1
"7090","1996-013","1",1,2,1,1,2,2,1,2,2
"7091","1996-014","2",2,2,2,2,2,2,2,2,2
"7092","1996-015","8",2,2,2,2,2,2,2,2,2
"7093","1996-016","9",1,1,1,1,1,1,1,1,1
"7094","1996-017","4",1,2,1,1,1,1,1,1,1
"7095","1996-018","8",2,2,2,2,2,2,2,2,2
"7096","1996-019","8",2,1,2,2,2,2,2,2,2
"7097","1996-020","10",2,2,2,2,2,2,2,2,2
"7098","1996-021","2",2,2,2,2,2,2,2,2,2
"7099","1996-022","12",2,2,2,2,2,2,2,2,2
"7100","1996-023","5",1,1,1,1,1,1,1,1,1
"7101","1996-024","5",2,2,2,1,1,2,1,2,2
"7102","1996-026","1",1,2,1,1,2,1,1,1,1
"7103","1996-027","8",2,2,2,2,2,2,2,2,2
"7104","1996-028","1",2,2,2,2,2,2,2,2,2
"7105","1996-029","7",1,1,1,1,1,1,1,1,1
"7106","1996-030","8",1,1,1,1,1,1,1,1,1
"7107","1996-031","1",1,2,1,1,1,1,1,1,1
"7108","1996-032","1",1,2,1,1,1,1,1,1,2
"7109","1996-033","8",2,2,2,2,2,2,2,2,2
"7110","1996-034","9",1,1,1,1,1,1,1,1,1
"7111","1996-035","9",1,1,1,1,1,1,1,1,1
"7112","1996-036","12",1,1,1,2,1,1,1,1,2
"7113","1996-037","4",2,2,2,2,2,2,2,2,2
"7114","1996-038","9",2,2,2,2,2,2,2,2,2
"7115","1996-039","3",1,1,2,2,1,1,2,2,1
"7116","1996-040","1",1,1,1,1,1,1,1,1,1
"7117","1996-041","2",2,2,2,2,2,2,2,2,2
"7118","1996-042","5",1,1,1,1,1,1,1,1,1
"7119","1996-043","2",1,2,1,1,1,1,1,1,1
"7120","1996-044","5",1,2,2,2,2,2,2,2,2
"7121","1996-045","9",1,1,1,1,1,1,1,1,1
"7122","1996-046","2",1,2,1,1,1,2,1,2,1
"7123","1996-047","1",1,1,1,1,1,1,1,1,1
"7124","1996-048","2",1,2,1,1,1,2,1,2,2
"7125","1996-049","2",1,1,1,1,1,1,1,1,1
"7126","1996-050","1",1,1,1,1,1,1,1,1,1
"7127","1996-051","2",1,2,1,1,1,2,1,1,1
"7128","1996-052","8",2,2,2,2,2,2,2,2,2
"7129","1996-053","1",1,2,2,1,1,1,1,2,2
"7130","1996-054","8",1,2,1,1,1,1,1,2,2
"7131","1996-055","8",1,2,2,1,2,2,1,1,2
"7132","1996-056","2",1,1,1,1,1,1,1,1,1
"7133","1996-057","2",1,1,1,1,1,1,1,1,1
"7134","1996-058","1",1,1,1,1,1,1,1,1,1
"7135","1996-059","8",1,1,1,1,1,1,1,1,1
"7136","1996-060","4",2,2,2,2,2,2,2,2,2
"7137","1996-061","1",1,2,1,1,1,1,1,2,2
"7138","1996-062","2",1,2,1,1,1,2,1,2,2
"7140","1996-064","9",1,1,1,1,1,1,1,1,1
"7141","1996-065","10",1,2,1,2,2,2,2,1,1
"7142","1996-066","8",2,2,1,1,2,2,1,2,2
"7143","1996-067","9",2,1,1,1,1,1,1,1,2
"7144","1996-068","1",2,2,2,2,2,2,2,2,2
"7145","1996-069","10",1,1,1,1,1,1,1,1,1
"7146","1996-070","4",1,1,1,1,1,1,1,1,1
"7148","1996-072","8",1,1,1,1,1,1,1,1,1
"7149","1996-073","8",1,2,1,1,1,1,1,1,1
"7151","1996-075","10",1,2,2,1,2,2,1,2,2
"7152","1996-076","2",1,2,1,1,1,2,1,2,2
"7153","1996-077","8",2,2,1,1,2,2,1,2,2
"7154","1996-078","1",1,2,1,1,1,2,1,2,2
"7155","1996-079","1",1,1,1,1,1,1,1,1,1
"7156","1996-080","3",1,2,1,1,1,2,1,2,2
"7157","1996-081","10",1,2,1,1,1,2,1,2,2
"7158","1996-082","1",1,2,2,1,1,2,1,2,2
"7159","1996-083","4",1,2,1,1,1,2,1,2,2
"7160","1996-084","2",1,2,2,1,1,2,1,2,2
"7161","1996-085","8",1,2,1,1,1,1,1,2,1
"7162","1996-086","3",2,1,1,2,1,2,2,1,1
"7164","1996-088","2",2,2,1,1,1,2,1,2,2
"7166","1996-090","8",1,2,2,1,2,2,1,2,2
"7167","1996-091","5",1,1,1,1,1,1,1,1,1
"7168","1996-092","5",1,1,1,1,1,1,1,1,1
"7169","1996-093","9",1,2,1,1,1,1,1,1,2
"7170","1996-094","3",2,2,2,2,2,2,2,2,2
"7171","1996-095","10",1,2,1,1,1,2,1,2,2
"7172","1996-096","2",2,2,2,2,2,2,2,2,2
"7173","1996-097","1",1,2,1,1,1,1,1,1,2
"7174","1997-001","2",1,2,1,1,1,1,1,1,1
"7175","1997-002","8",2,2,2,2,2,2,2,2,2
"7176","1997-003","1",1,1,1,1,1,1,1,1,1
"7177","1997-004","2",1,1,1,1,1,2,1,1,2
"7178","1997-005","1",1,1,1,1,1,1,1,1,1
"7179","1997-006","2",2,2,2,2,2,2,2,2,2
"7180","1997-007","9",1,2,1,1,1,1,1,1,1
"7181","1997-008","1",2,2,2,2,2,2,2,2,2
"7182","1997-009","1",1,1,1,1,1,1,1,1,1
"7183","1997-010","2",2,2,2,2,2,2,2,2,2
"7184","1997-011","9",2,2,2,2,2,2,2,2,2
"7185","1997-012","9",2,1,2,2,2,2,2,1,2
"7186","1997-013","8",2,2,2,2,2,2,2,2,2
"7187","1997-014","8",2,2,2,2,2,2,2,2,2
"7189","1997-016","9",2,1,1,1,2,2,1,1,1
"7190","1997-017","4",1,1,1,1,1,1,1,1,1
"7191","1997-018","1",1,2,1,1,1,1,1,2,2
"7192","1997-019","8",2,1,1,1,2,1,1,2,1
"7193","1997-020","2",1,1,1,1,1,1,1,1,1
"7194","1997-021","7",1,2,1,1,1,2,1,2,2
"7195","1997-024","1",1,2,1,1,1,1,1,1,2
"7196","1997-025","2",1,2,2,1,2,2,1,2,2
"7197","1997-026","8",1,1,1,1,1,1,1,1,1
"7198","1997-027","2",1,2,1,1,1,1,1,1,1
"7199","1997-028","9",1,1,2,2,1,1,2,1,1
"7200","1997-029","9",1,1,1,1,1,1,1,1,1
"7201","1997-030","8",1,2,2,1,1,2,1,1,2
"7202","1997-031","2",1,1,1,1,1,1,1,1,1
"7203","1997-032","9",1,2,1,1,1,1,1,1,1
"7204","1997-033","9",1,1,1,1,1,1,1,1,1
"7205","1997-034","8",2,2,2,2,2,2,2,2,2
"7206","1997-035","8",2,2,2,2,2,2,2,2,2
"7207","1997-036","1",1,1,1,1,1,1,1,1,1
"7208","1997-037","2",2,2,2,2,2,2,2,2,2
"7209","1997-038","9",1,1,1,1,1,1,1,1,1
"7210","1997-039","8",2,2,2,2,2,2,2,2,2
"7211","1997-040","1",2,2,2,2,1,2,2,2,2
"7212","1997-041","1",1,2,2,1,1,2,1,2,2
"7213","1997-042","2",1,2,1,1,1,1,1,1,1
"7214","1997-043","9",2,2,2,2,2,2,2,2,2
"7215","1997-044","8",1,1,1,1,1,1,1,1,1
"7216","1997-045","1",1,2,1,2,1,2,1,2,1
"7217","1997-046","4",1,1,1,1,1,1,1,1,1
"7218","1997-047","9",1,1,1,1,1,1,1,1,1
"7219","1997-048","1",1,2,1,1,1,1,1,1,1
"7220","1997-049","8",2,2,2,2,2,2,2,2,2
"7221","1997-050","12",1,1,1,1,1,1,1,1,1
"7222","1997-051","1",1,2,1,1,1,1,1,2,2
"7223","1997-052","12",2,2,2,2,2,2,2,2,2
"7224","1997-053","2",2,2,2,1,2,2,1,2,2
"7225","1997-054","8",1,1,1,1,1,1,1,1,1
"7226","1997-055","2",1,1,1,1,1,2,1,2,2
"7227","1997-056","9",2,2,2,2,2,2,2,2,2
"7228","1997-057","1",1,1,1,1,1,1,1,1,1
"7229","1997-058","12",1,1,1,1,1,1,1,1,1
"7230","1997-059","1",1,2,1,1,1,2,1,2,2
"7231","1997-060","2",1,2,1,1,2,2,1,2,2
"7232","1997-061","9",1,1,1,1,1,1,1,1,1
"7233","1997-062","1",2,2,2,1,2,2,1,2,2
"7234","1997-063","1",2,2,2,1,2,2,1,2,2
"7235","1997-064","9",1,1,1,1,1,1,1,1,1
"7236","1997-065","3",1,2,1,1,1,2,1,2,1
"7237","1997-066","2",1,1,1,1,1,1,1,1,1
"7238","1997-067","9",1,1,1,1,1,1,1,1,1
"7239","1997-068","9",1,1,1,1,1,1,1,1,1
"7240","1997-069","2",2,1,2,2,2,2,1,1,2
"7242","1997-071","8",2,2,2,2,2,2,2,2,2
"7243","1997-072","7",1,2,1,1,1,1,1,1,2
"7244","1997-073","9",2,2,2,2,2,2,2,2,2
"7245","1997-074","9",2,2,1,1,2,2,1,2,2
"7246","1997-075","9",1,1,1,1,1,1,1,1,1
"7247","1997-076","8",2,2,2,2,2,2,2,2,2
"7248","1997-077","8",2,2,2,2,2,2,2,2,2
"7249","1997-078","1",1,2,1,1,1,1,1,1,1
"7250","1997-079","2",1,1,1,1,1,1,1,1,1
"7251","1997-080","8",1,1,1,1,1,1,1,1,1
"7252","1997-081","1",2,1,1,2,1,2,1,2,1
"7253","1997-082","1",1,1,1,1,1,1,1,1,1
"7254","1997-083","4",1,2,1,1,1,2,1,2,2
"7255","1997-084","1",2,1,1,2,1,1,1,2,1
"7256","1997-085","2",2,2,2,2,2,2,2,2,2
"7258","1997-087","1",1,2,1,1,2,2,1,2,2
"7259","1997-088","9",2,2,2,2,2,2,2,2,2
"7260","1997-089","2",1,2,1,1,1,2,1,2,2
"7261","1997-090","1",1,1,1,2,1,2,2,1,1
"7262","1997-091","1",1,2,1,1,1,2,2,2,2
"7263","1997-092","1",1,2,1,1,1,2,1,2,2
"7264","1997-093","9",2,2,2,2,2,2,2,2,2
"7265","1997-094","1",2,2,1,1,2,2,1,2,2
"7267","1997-096","4",1,2,1,1,1,2,1,2,2
"7268","1997-097","3",1,1,1,1,1,2,1,1,1
"7269","1997-098","2",1,2,1,1,2,2,1,2,2
"7270","1997-099","1",1,1,1,1,1,1,1,2,2
"7271","1997-100","1",1,2,1,2,1,2,1,2,1
"7272","1997-101","2",2,2,2,1,2,2,1,2,2
"7273","1997-102","2",2,2,2,1,2,2,1,2,2
"7274","1998-001","7",2,2,2,2,2,2,2,2,2
"7275","1998-002","8",2,2,2,2,2,2,2,2,2
"7276","1998-003","7",2,2,2,2,2,2,2,2,2
"7277","1998-004","1",1,2,1,1,1,2,1,2,1
"7278","1998-005","1",2,2,2,2,2,2,2,2,2
"7279","1998-006","9",1,1,1,1,1,1,1,1,1
"7280","1998-007","2",2,2,2,2,2,2,2,2,2
"7281","1998-008","8",1,1,1,1,1,1,1,1,1
"7282","1998-009","1",1,2,1,1,1,2,1,2,2
"7283","1998-010","2",1,2,1,1,1,1,1,1,1
"7284","1998-011","8",1,2,1,1,1,1,1,1,1
"7285","1998-012","3",1,2,1,2,2,2,2,2,1
"7286","1998-013","4",2,2,2,2,2,2,2,2,2
"7287","1998-014","8",2,2,2,2,2,2,2,2,2
"7288","1998-015","8",1,1,1,1,1,1,1,1,1
"7289","1998-016","2",2,2,2,2,2,2,1,2,2
"7290","1998-017","10",2,2,2,2,2,2,2,2,2
"7294","1998-021","8",1,1,1,1,1,1,1,1,1
"7295","1998-022","9",1,1,1,1,1,1,1,1,1
"7296","1998-023","2",1,1,1,1,1,1,1,1,1
"7297","1998-024","2",1,1,1,1,1,2,1,1,1
"7298","1998-025","1",1,1,1,2,1,1,2,1,1
"7299","1998-026","1",1,1,1,1,1,1,1,1,1
"7300","1998-027","10",1,1,1,1,1,1,1,1,1
"7301","1998-028","4",1,2,1,1,1,1,1,1,1
"7302","1998-029","2",2,2,2,2,1,2,1,2,2
"7303","1998-030","7",1,2,1,1,2,2,1,2,2
"7306","1998-033","2",1,2,1,1,1,1,1,1,1
"7308","1998-035","2",1,2,1,1,1,1,1,1,1
"7309","1998-036","9",2,2,2,2,2,2,2,2,2
"7310","1998-037","8",1,1,1,1,1,1,1,1,1
"7311","1998-038","2",1,2,2,1,1,2,1,2,2
"7312","1998-039","1",1,2,1,2,1,2,2,2,1
"7313","1998-040","2",1,2,1,1,1,1,1,1,1
"7314","1998-041","9",2,1,2,1,2,2,2,2,2
"7315","1998-042","8",2,2,2,2,2,2,2,2,2
"7316","1998-043","1",1,2,1,1,1,2,1,2,1
"7317","1998-044","1",1,2,1,1,2,2,1,2,2
"7318","1998-045","9",1,2,2,1,2,2,1,2,2
"7319","1998-046","8",2,2,2,2,2,2,2,2,2
"7320","1998-047","9",1,1,1,1,1,1,1,1,1
"7321","1998-048","8",1,1,1,1,1,1,1,1,1
"7322","1998-049","2",1,1,1,1,1,1,1,1,1
"7323","1998-050","8",1,2,1,1,1,1,1,1,1
"7324","1998-051","2",1,1,1,1,1,1,1,1,1
"7325","1998-052","2",1,2,2,2,2,2,1,2,2
"7326","1998-053","9",1,1,1,1,1,1,1,1,1
"7327","1998-054","2",2,2,2,2,2,2,2,2,2
"7328","1998-055","1",1,2,1,1,1,1,1,2,1
"7329","1998-056","9",2,2,2,2,2,2,2,2,2
"7331","1998-058","1",1,2,1,1,1,1,1,1,1
"7332","1998-059","2",1,2,2,1,1,2,1,2,2
"7333","1998-060","4",1,1,1,1,1,1,1,1,1
"7334","1998-061","8",1,2,1,1,2,1,1,2,2
"7335","1998-062","2",2,2,2,2,2,2,2,2,2
"7336","1998-063","1",1,2,1,1,1,1,1,1,1
"7337","1998-064","2",1,2,1,1,1,1,1,1,1
"7338","1998-065","1",2,2,1,2,1,2,2,1,2
"7339","1998-066","1",1,2,1,1,1,1,1,2,2
"7341","1998-068","1",1,1,1,2,1,2,1,2,1
"7342","1998-069","4",1,2,2,1,2,2,1,2,2
"7343","1998-070","1",2,2,2,2,2,2,2,2,2
"7344","1998-071","9",2,1,1,1,2,1,1,2,1
"7345","1998-072","3",2,2,2,2,2,2,2,2,2
"7346","1998-073","9",1,1,1,1,1,1,1,1,1
"7347","1998-074","2",1,2,2,1,1,2,1,2,2
"7348","1998-075","7",1,2,1,1,2,2,1,2,2
"7349","1998-076","1",1,1,1,1,2,2,1,1,1
"7350","1998-077","9",1,2,1,1,1,2,1,2,2
"7351","1998-078","6",1,2,1,1,1,1,1,2,1
"7352","1998-079","1",1,2,1,1,1,2,1,2,2
"7353","1998-080","10",1,1,2,1,1,1,1,1,2
"7355","1998-082","2",1,2,1,1,1,1,1,1,1
"7356","1998-083","2",1,2,1,1,1,1,1,1,2
"7357","1998-084","2",1,2,1,1,1,1,1,1,2
"7358","1998-085","2",1,2,1,1,1,2,1,2,2
"7359","1998-087","2",1,2,1,1,1,1,1,1,2
"7360","1998-088","2",1,2,2,1,2,2,1,2,2
"7361","1998-089","10",1,2,1,1,1,2,1,2,2
"7362","1998-090","10",1,2,1,1,1,2,1,2,2
"7363","1998-091","10",1,2,1,1,1,2,1,2,2
"7364","1998-092","9",1,2,1,1,1,1,1,1,2
"7365","1998-093","2",1,2,1,1,1,1,1,1,1
"7366","1999-001","9",2,2,2,1,2,2,1,2,2
"7367","1999-002","2",1,2,1,1,1,1,1,1,1
"7368","1999-003","2",1,2,1,1,1,1,1,1,1
"7369","1999-004","2",1,2,1,1,1,1,1,1,1
"7370","1999-005","2",1,2,1,1,1,1,1,1,1
"7371","1999-007","1",2,2,2,2,2,2,2,2,2
"7372","1999-008","2",1,2,1,1,1,1,1,1,1
"7373","1999-009","2",2,2,2,2,2,2,2,2,2
"7374","1999-010","9",1,1,1,1,1,1,1,1,1
"7375","1999-011","3",1,2,1,1,2,1,1,1,1
"7376","1999-012","12",2,2,2,2,2,2,2,2,2
"7377","1999-013","10",1,2,1,1,1,2,1,2,2
"7378","1999-016","1",1,1,1,1,1,1,1,1,1
"7379","1999-017","1",1,2,1,1,1,2,1,2,2
"7380","1999-018","10",2,2,2,2,2,2,2,2,2
"7381","1999-019","1",1,1,1,1,1,1,1,1,1
"7382","1999-020","9",2,2,2,2,2,2,2,2,2
"7383","1999-021","1",1,2,1,1,1,2,1,2,2
"7384","1999-022","2",2,2,2,2,2,2,2,2,2
"7385","1999-023","2",1,2,1,1,1,2,1,2,2
"7386","1999-024","1",1,1,1,1,1,1,1,1,1
"7387","1999-025","2",1,2,1,1,1,2,1,2,2
"7388","1999-026","3",2,2,2,1,1,2,1,2,2
"7389","1999-027","12",2,2,2,2,2,2,2,2,2
"7390","1999-028","8",1,1,1,1,1,1,1,1,1
"7391","1999-029","8",1,1,1,1,1,1,1,1,1
"7392","1999-030","1",1,2,1,1,1,2,1,2,1
"7393","1999-031","2",1,2,1,1,1,1,1,2,1
"7394","1999-032","9",1,1,1,1,1,1,1,1,1
"7395","1999-033","2",2,2,2,2,2,2,2,2,2
"7396","1999-034","9",1,2,1,2,2,1,2,1,1
"7397","1999-035","1",1,1,1,1,1,1,1,1,1
"7398","1999-036","1",1,1,1,1,1,2,1,2,1
"7399","1999-037","10",2,2,2,2,2,2,2,2,2
"7400","1999-038","8",1,2,1,1,1,2,1,2,2
"7401","1999-039","9",2,2,2,2,2,2,2,2,2
"7402","1999-040","8",2,2,2,2,2,2,2,2,2
"7403","1999-041","3",1,1,1,1,1,1,1,1,1
"7404","1999-042","1",1,2,1,1,1,2,1,2,1
"7405","1999-043","1",2,2,2,2,2,2,2,2,2
"7406","1999-044","3",1,2,1,1,1,2,1,2,1
"7408","1999-046","1",2,2,2,1,2,2,2,2,1
"7409","1999-047","10",1,2,1,1,1,1,1,2,1
"7410","1999-048","1",1,2,2,1,2,2,1,2,2
"7411","1999-050","1",2,2,2,2,2,2,2,2,2
"7412","1999-051","1",1,2,1,1,1,1,1,1,2
"7413","1999-052","4",2,2,2,2,2,2,2,2,2
"7414","1999-053","1",2,2,2,1,2,2,1,2,2
"7415","1999-054","1",1,2,1,1,1,2,1,1,1
"7416","1999-055","1",1,2,1,2,1,2,2,1,2
"7417","1999-056","7",1,2,1,1,1,1,1,2,2
"7418","1999-057","10",1,2,1,1,1,2,1,2,2
"7419","1999-058","2",2,2,2,1,2,2,1,2,2
"7420","1999-059","1",1,1,1,2,1,1,1,1,1
"7421","1999-060","8",2,2,2,2,2,2,2,2,2
"7422","1999-061","1",1,2,1,1,1,2,1,2,2
"7423","1999-062","9",2,2,2,2,2,2,2,2,2
"7424","1999-063","3",1,2,1,1,2,2,2,2,1
"7425","1999-064","1",2,2,2,2,2,2,2,2,2
"7426","1999-065","10",2,1,2,2,2,1,1,1,2
"7427","1999-066","8",2,2,2,2,2,2,2,2,2
"7428","1999-067","8",1,1,1,1,1,1,1,1,1
"7429","1999-068","1",1,2,2,2,2,2,2,2,2
"7430","1999-069","5",2,1,2,1,1,2,2,2,2
"7431","1999-070","9",1,2,2,1,1,2,2,2,1
"7432","1999-071","1",2,2,2,2,2,2,2,2,2
"7433","1999-072","2",2,2,2,2,2,2,2,2,2
"7434","1999-073","1",1,2,1,1,1,2,1,2,2
"7435","1999-074","8",1,1,1,1,1,1,1,1,1
"7436","1999-075","8",2,2,2,2,2,2,2,2,2
"7437","1999-076","1",1,2,1,1,1,2,1,2,2
"7438","1999-077","3",1,2,2,1,2,2,1,2,2
"7439","1999-078","1",1,2,1,1,1,2,1,2,2
"7440","1999-079","10",2,2,2,2,2,2,2,2,2
"7441","1999-080","2",1,2,1,2,2,2,1,2,2
"7442","1999-081","1",2,2,2,1,2,2,1,2,2
"7443","1999-082","1",1,2,1,2,1,2,2,2,1
"7444","1999-083","2",2,1,2,2,2,2,2,1,2
"7446","1999-085","2",1,2,1,1,1,2,1,2,2
"7447","1999-086","5",2,2,2,1,1,2,1,2,2
"7448","1999-087","3",1,2,1,1,1,2,1,2,1
"7449","1999-088","5",1,2,2,1,1,2,1,2,2
"7450","1999-089","10",2,2,2,2,2,2,2,2,2
"7451","2000-001","2",2,2,2,2,2,2,2,2,2
"7452","2000-002","1",2,2,2,2,2,2,2,2,2
"7453","2000-003","1",1,1,1,1,1,1,1,1,1
"7454","2000-004","9",1,1,1,1,1,1,1,1,1
"7455","2000-005","1",1,2,2,1,2,2,1,2,2
"7456","2000-006","7",2,2,2,2,2,2,2,2,2
"7457","2000-007","9",1,1,1,1,1,1,1,1,1
"7458","2000-008","9",2,2,2,2,2,2,2,2,2
"7459","2000-009","2",1,2,1,1,1,2,1,2,2
"7460","2000-010","8",1,2,1,1,1,2,1,2,2
"7461","2000-011","1",2,2,2,2,2,2,2,2,2
"7462","2000-012","12",1,1,1,1,1,1,1,1,2
"7463","2000-013","4",2,2,2,2,2,2,2,2,2
"7464","2000-014","1",2,2,1,1,2,1,1,1,1
"7465","2000-015","4",1,2,1,1,1,1,1,1,1
"7466","2000-016","9",1,1,1,1,1,1,1,1,1
"7467","2000-017","9",1,1,1,1,1,1,1,1,1
"7468","2000-018","4",1,2,2,1,1,2,1,2,2
"7469","2000-019","8",2,2,2,2,2,2,2,2,2
"7470","2000-020","1",1,2,1,1,1,1,1,1,1
"7471","2000-021","10",2,2,2,2,2,2,2,2,2
"7472","2000-022","10",1,2,1,1,1,2,1,2,2
"7473","2000-023","8",1,1,1,1,1,1,1,1,1
"7474","2000-024","8",2,2,2,2,2,2,2,2,2
"7475","2000-025","8",2,2,2,2,2,2,2,2,2
"7476","2000-026","9",2,2,2,2,2,2,2,2,2
"7477","2000-027","2",2,2,2,2,2,2,2,2,2
"7478","2000-028","3",1,2,1,1,2,2,1,2,2
"7479","2000-029","5",1,1,1,1,1,1,1,1,1
"7480","2000-030","1",2,2,2,2,2,2,2,2,2
"7481","2000-031","8",2,2,2,2,2,2,2,2,2
"7482","2000-032","1",2,2,2,1,2,2,1,2,2
"7483","2000-033","1",1,1,1,1,1,1,1,1,1
"7484","2000-034","1",1,2,2,1,2,2,1,2,2
"7485","2000-035","7",1,2,1,1,1,2,1,2,2
"7486","2000-036","10",2,1,2,2,2,2,2,2,1
"7487","2000-037","1",1,2,1,1,1,2,1,2,2
"7488","2000-038","4",1,1,1,1,1,1,1,1,1
"7489","2000-039","12",2,2,2,2,2,2,2,2,2
"7490","2000-040","3",1,1,1,1,1,1,1,1,1
"7491","2000-041","2",1,2,2,1,1,2,1,2,2
"7492","2000-042","2",1,1,1,1,1,1,1,1,1
"7493","2000-043","9",1,2,1,1,1,2,1,2,2
"7494","2000-044","1",1,2,2,1,1,1,1,2,2
"7495","2000-045","1",1,2,1,1,1,2,1,2,2
"7496","2000-046","1",1,2,1,1,1,2,1,2,2
"7497","2000-047","2",1,1,1,1,1,1,1,1,1
"7498","2000-048","8",1,1,1,1,1,1,1,2,1
"7499","2000-049","4",1,2,1,2,1,1,2,1,2
"7501","2000-051","7",1,2,1,1,1,1,1,1,1
"7502","2000-052","3",1,2,2,1,2,2,1,2,2
"7504","2000-054","8",2,2,2,2,2,2,2,2,2
"7505","2000-055","6",1,2,1,1,1,2,1,2,2
"7506","2000-056","2",1,1,1,1,1,1,1,1,1
"7507","2000-057","2",2,2,2,1,2,2,1,2,2
"7508","2000-058","7",1,2,1,1,1,2,1,2,2
"7509","2000-059","9",1,1,1,1,1,1,1,1,1
"7511","2000-061","1",2,2,2,2,2,2,2,2,2
"7512","2000-062","10",2,2,2,2,2,2,2,2,2
"7513","2000-063","9",1,1,1,1,1,1,1,1,1
"7514","2000-064","1",1,2,2,1,2,2,1,2,2
"7515","2000-065","8",2,2,2,2,2,2,2,2,2
"7516","2000-066","12",1,2,1,1,1,1,1,1,1
"7519","2000-069","1",1,1,1,2,1,2,2,2,2
"7520","2000-070","2",1,1,2,1,1,2,1,2,2
"7521","2000-071","3",1,2,1,1,1,2,1,2,1
"7522","2000-072","1",2,2,2,2,2,2,2,2,2
"7523","2000-073","1",1,1,1,1,1,1,1,1,1
"7524","2000-074","1",1,1,1,1,1,1,1,2,2
"7525","2000-075","8",2,2,2,2,2,2,2,2,2
"7526","2000-076","9",2,2,2,1,2,2,2,2,2
"7527","2000-077","2",1,2,2,1,1,2,1,2,2
"7528","2000-078","2",1,2,1,1,2,2,1,2,2
"7529","2000-079","2",1,2,1,1,2,2,1,2,2
"7530","2000-080","2",1,1,1,1,1,1,1,1,1
"7531","2000-081","3",2,2,1,2,2,2,2,1,1
"7532","2000-082","3",1,2,2,1,1,2,1,2,2
"7533","2000-083","8",2,1,2,2,2,2,2,2,1
"7534","2000-084","10",2,1,2,2,2,1,2,1,1
"7535","2000-085","4",1,2,1,1,1,2,1,2,2
"7536","2000-086","1",1,2,1,1,1,2,1,2,2
"7537","2000-087","2",1,2,2,1,1,2,1,2,2
"7538","2001-001","9",1,1,1,1,1,1,1,1,1
"7539","2001-002","8",1,1,1,1,1,1,1,1,1
"7541","2001-004","2",1,2,1,1,1,2,1,2,2
"7542","2001-005","2",1,1,2,1,1,2,1,1,1
"7543","2001-006","9",1,1,1,1,1,1,1,1,1
"7544","2001-007","1",1,1,1,1,1,1,1,1,1
"7546","2001-009","9",1,1,1,1,1,1,1,1,1
"7547","2001-010","4",1,2,1,1,1,2,1,2,2
"7548","2001-011","2",1,1,1,1,1,1,1,1,1
"7549","2001-012","8",1,2,1,1,1,2,1,2,2
"7551","2001-014","1",1,2,2,1,1,2,1,2,2
"7552","2001-015","1",1,1,1,1,1,1,1,1,1
"7553","2001-016","7",1,2,2,1,2,2,1,2,2
"7554","2001-017","3",1,1,1,1,1,1,1,1,1
"7556","2001-019","9",2,2,2,1,1,2,1,2,2
"7557","2001-020","4",2,2,2,1,2,2,1,2,2
"7558","2001-021","5",1,1,1,1,1,1,1,1,1
"7559","2001-022","8",1,2,2,1,1,1,1,1,2
"7560","2001-023","10",1,2,2,2,1,1,1,1,1
"7561","2001-024","2",2,2,2,2,2,2,2,2,2
"7562","2001-025","9",1,1,1,1,1,1,1,1,1
"7563","2001-026","9",1,2,1,1,1,2,1,1,2
"7564","2001-027","9",1,1,1,2,2,1,2,1,1
"7565","2001-028","8",2,2,2,2,2,2,2,2,2
"7566","2001-029","1",1,2,1,1,1,1,1,1,1
"7567","2001-030","9",2,2,1,2,2,1,2,1,1
"7568","2001-031","2",2,2,2,2,2,2,2,2,2
"7570","2001-033","2",1,2,1,1,1,2,1,2,2
"7571","2001-034","1",1,2,1,1,1,2,1,2,2
"7572","2001-035","2",1,1,1,1,1,1,1,1,1
"7573","2001-036","9",1,1,1,1,1,1,1,1,1
"7574","2001-037","4",1,1,1,1,1,1,1,1,1
"7575","2001-038","3",1,2,1,1,2,2,2,2,2
"7576","2001-039","12",2,1,2,1,2,2,1,2,2
"7577","2001-040","4",1,2,2,1,2,2,1,2,2
"7578","2001-041","3",1,1,2,2,2,2,2,1,1
"7579","2001-042","2",1,1,1,1,1,2,1,2,1
"7580","2001-044","3",1,2,1,1,1,2,1,2,2
"7582","2001-046","3",1,2,1,1,1,1,1,1,1
"7583","2001-047","10",2,2,2,2,2,2,2,2,2
"7584","2001-048","1",1,1,1,1,1,1,1,1,1
"7586","2001-050","1",1,2,2,1,1,2,1,2,2
"7587","2001-051","1",1,2,1,1,1,1,1,1,1
"7588","2001-052","8",1,1,1,1,1,1,1,1,1
"7589","2001-053","10",1,2,1,1,1,2,1,2,2
"7590","2001-054","6",2,2,2,1,2,2,2,2,2
"7591","2001-055","8",2,2,2,2,2,2,2,2,2
"7592","2001-056","9",1,1,1,1,1,1,1,1,1
"7593","2001-057","9",2,2,2,1,1,2,1,2,2
"7594","2001-058","1",1,2,1,1,1,2,1,2,2
"7595","2001-059","2",1,1,1,1,1,1,1,1,1
"7596","2001-060","9",2,2,2,2,2,2,2,2,2
"7597","2001-061","2",1,2,1,1,1,2,2,2,2
"7598","2001-062","9",2,2,2,2,2,2,2,2,2
"7599","2001-063","3",1,2,2,2,2,2,2,2,2
"7600","2001-064","8",1,1,1,1,1,1,1,1,1
"7601","2001-065","1",1,2,1,1,1,2,1,2,1
"7602","2001-066","1",1,2,2,1,1,2,1,2,2
"7603","2001-067","12",2,2,2,1,2,1,1,2,2
"7604","2001-068","1",1,1,1,1,1,1,1,1,1
"7605","2001-069","5",1,2,1,1,1,1,1,2,1
"7606","2001-070","1",1,2,2,1,2,2,1,2,2
"7607","2001-071","10",2,1,1,2,2,1,2,1,1
"7608","2001-072","8",2,2,2,2,2,2,2,2,2
"7609","2001-073","10",1,1,2,2,1,1,1,1,1
"7610","2001-074","2",2,2,1,1,1,2,1,2,2
"7611","2001-075","7",1,1,1,1,1,1,1,1,1
"7612","2001-076","1",1,2,1,1,1,2,2,2,1
"7613","2001-077","1",1,2,1,2,2,2,2,2,2
"7614","2001-078","1",1,1,1,1,1,1,1,1,1
"7615","2001-079","1",2,2,2,2,2,2,2,2,2
"7616","2001-080","3",1,2,1,1,1,2,1,2,2
"7617","2001-081","2",1,2,2,1,2,2,1,2,2
"7618","2001-082","3",2,1,2,2,2,1,2,1,1
"7619","2001-083","5",1,2,2,1,1,2,1,2,1
"7620","2001-084","9",1,1,1,1,1,1,1,1,1
"7621","2001-085","1",1,1,1,1,1,1,1,1,1
"7622","2002-001","9",1,1,1,1,1,1,1,1,1
"7623","2002-002","1",1,1,1,1,1,1,1,1,1
"7624","2002-003","2",1,1,1,1,1,1,1,1,1
"7625","2002-004","1",1,1,1,1,1,1,1,1,1
"7626","2002-005","9",1,1,1,1,1,1,1,1,1
"7627","2002-006","8",1,1,1,1,1,1,1,1,1
"7628","2002-007","10",1,1,1,1,1,1,1,1,1
"7629","2002-008","9",1,1,1,1,1,1,1,1,1
"7631","2002-010","1",1,2,1,1,1,1,1,1,1
"7633","2002-012","1",1,2,1,1,1,2,1,2,2
"7634","2002-013","8",1,1,1,1,1,1,1,1,1
"7635","2002-014","2",2,2,1,1,2,2,1,2,2
"7636","2002-015","8",1,2,1,1,1,1,1,1,2
"7637","2002-016","1",1,2,1,1,1,1,1,1,1
"7638","2002-017","2",1,1,1,1,1,1,1,1,1
"7639","2002-018","8",2,2,2,2,2,2,2,2,1
"7640","2002-019","1",2,2,2,2,2,2,1,2,2
"7641","2002-020","2",1,1,1,1,1,1,1,1,1
"7642","2002-021","5",1,2,1,1,1,1,1,1,1
"7643","2002-022","8",2,2,2,2,2,2,2,2,2
"7644","2002-023","12",2,2,2,1,2,2,1,2,2
"7645","2002-024","2",1,2,2,1,1,2,1,2,2
"7646","2002-025","2",1,2,2,1,1,2,1,1,1
"7647","2002-026","1",2,2,2,2,2,2,2,2,2
"7648","2002-027","1",1,1,1,1,1,1,1,1,1
"7649","2002-028","1",1,2,1,1,1,2,1,2,2
"7650","2002-029","1",1,2,1,1,1,2,1,2,2
"7651","2002-030","1",1,2,1,1,1,1,1,2,2
"7652","2002-031","8",1,1,1,1,1,1,1,1,1
"7653","2002-032","8",1,2,1,2,1,2,2,2,1
"7654","2002-033","2",1,1,1,1,1,1,1,1,1
"7655","2002-034","1",1,1,1,1,1,2,1,2,2
"7656","2002-035","4",1,2,2,1,1,2,1,2,2
"7657","2002-036","2",2,2,1,2,2,2,1,2,2
"7658","2002-037","8",1,2,1,1,1,1,2,1,1
"7659","2002-038","10",1,1,1,1,1,1,1,1,1
"7660","2002-039","3",2,2,2,1,2,2,1,2,2
"7662","2002-041","8",1,1,1,2,1,1,2,2,1
"7663","2002-042","2",1,1,1,1,1,1,1,2,2
"7664","2002-043","9",2,2,2,2,2,2,2,2,2
"7665","2002-044","9",1,1,1,1,1,1,1,1,1
"7667","2002-046","1",2,2,2,2,2,2,2,2,2
"7668","2002-047","2",1,2,1,1,1,2,1,2,2
"7669","2002-048","9",2,1,2,1,1,2,1,2,2
"7670","2002-049","3",1,1,1,1,1,1,1,1,1
"7671","2002-050","1",2,2,2,2,2,2,2,2,2
"7672","2002-051","1",1,1,1,1,1,1,1,1,1
"7673","2002-052","8",1,2,1,2,1,2,2,2,2
"7674","2002-053","9",2,2,2,2,2,2,2,2,2
"7675","2002-054","2",1,1,1,1,1,1,1,1,1
"7676","2002-055","4",1,1,1,1,1,1,1,1,1
"7678","2002-057","10",2,2,2,1,1,2,1,2,2
"7679","2002-058","1",1,2,1,1,2,1,1,2,1
"7680","2002-059","9",1,1,2,1,1,1,1,1,2
"7681","2002-060","8",1,1,1,1,1,1,1,1,1
"7682","2002-061","4",1,2,2,2,1,2,1,2,2
"7683","2002-062","9",2,2,2,1,2,2,1,2,2
"7685","2002-064","10",2,2,2,2,2,2,2,2,2
"7686","2002-065","8",1,1,1,1,1,1,1,1,1
"7687","2002-066","8",2,2,2,2,2,2,1,2,2
"7688","2002-067","9",1,2,2,1,2,2,2,1,1
"7689","2002-068","2",2,2,2,2,2,2,2,2,2
"7690","2002-069","8",2,2,2,2,2,2,2,2,2
"7692","2002-072","3",1,1,1,1,1,1,1,1,1
"7693","2002-073","3",1,1,1,1,1,1,1,1,1
"7694","2002-074","3",2,2,2,1,2,2,1,2,2
"7695","2002-075","4",2,2,1,1,2,2,1,2,2
"7696","2002-076","3",1,2,1,1,1,2,1,2,1
"7697","2002-077","2",1,2,1,1,1,2,1,2,1
"7698","2002-078","2",1,2,2,1,1,2,1,2,2
"7699","2002-079","10",2,1,2,1,2,2,1,1,2
"7700","2002-080","8",2,1,2,1,2,1,2,1,1
"7701","2002-081","2",1,2,1,1,1,2,1,2,2
"7702","2002-082","1",2,2,2,1,2,2,1,2,2
"7703","2002-083","5",1,2,2,1,2,2,1,2,2
"7704","2002-084","1",1,2,2,1,1,2,1,2,2
"7705","2002-085","9",1,1,2,1,2,1,1,1,2
"7706","2003-001","1",1,1,1,1,1,1,1,1,1
"7707","2003-002","1",1,1,1,1,1,1,1,1,1
"7708","2003-003","2",1,1,1,1,1,1,1,1,1
"7709","2003-004","1",1,1,1,1,1,1,1,1,1
"7711","2003-006","3",1,2,2,1,1,2,1,2,2
"7712","2003-019","1",1,1,1,1,1,1,1,1,1
"7713","2003-020","1",2,2,2,2,2,2,2,2,2
"7714","2003-021","8",2,2,2,2,2,2,2,2,2
"7715","2003-022","8",1,1,1,1,1,1,1,1,1
"7716","2003-023","1",1,2,1,1,1,2,1,2,1
"7717","2003-024","10",2,2,2,2,2,2,2,2,2
"7718","2003-025","8",1,1,1,1,1,1,1,1,1
"7719","2003-026","8",1,2,2,1,1,2,1,2,2
"7720","2003-027","1",2,2,2,2,2,2,2,2,2
"7721","2003-028","6",1,1,1,1,1,1,1,1,1
"7722","2003-029","4",1,1,1,1,1,1,1,1,1
"7723","2003-030","8",2,1,1,2,2,1,2,1,1
"7724","2003-031","2",2,2,2,1,1,2,1,2,2
"7725","2003-032","5",1,2,1,1,1,1,1,2,2
"7727","2003-034","1",2,2,2,1,2,2,1,2,2
"7728","2003-035","3",2,2,2,1,2,2,1,2,2
"7729","2003-036","8",1,1,1,1,1,1,1,1,1
"7730","2003-037","2",1,1,1,1,1,1,1,1,1
"7731","2003-038","8",2,2,2,2,2,2,2,2,2
"7732","2003-039","9",1,2,1,1,1,1,1,1,1
"7733","2003-040","1",2,2,2,2,2,2,2,2,2
"7734","2003-041","1",1,1,1,1,1,1,1,1,1
"7735","2003-042","8",1,1,1,1,1,1,1,1,1
"7736","2003-043","12",2,2,2,2,2,2,2,2,2
"7737","2003-044","10",1,2,1,1,1,1,1,1,1
"7738","2003-045","1",1,1,1,1,1,1,1,1,1
"7739","2003-046","5",2,2,2,2,2,2,2,2,2
"7740","2003-047","8",1,2,1,1,1,2,1,2,1
"7741","2003-048","2",1,1,1,2,1,2,1,1,1
"7742","2003-049","8",1,1,1,1,1,1,1,1,1
"7743","2003-050","10",1,1,1,1,1,2,1,1,1
"7744","2003-051","9",1,2,1,1,1,2,1,2,2
"7745","2003-052","9",2,2,2,2,2,2,2,2,2
"7746","2003-053","1",1,2,1,1,2,2,1,1,1
"7748","2003-055","9",1,1,1,1,1,1,1,1,1
"7749","2003-056","1",1,1,1,1,1,1,1,1,1
"7750","2003-057","10",2,2,2,1,2,2,1,2,2
"7751","2003-058","8",1,2,1,1,1,2,2,2,2
"7752","2003-059","2",1,2,2,1,1,2,1,2,2
"7753","2003-060","9",1,2,1,1,1,2,1,2,2
"7754","2003-061","10",2,2,2,2,2,2,2,2,2
"7755","2003-062","1",1,2,1,1,1,2,1,1,1
"7756","2003-063","2",2,2,2,2,2,2,2,2,2
"7757","2003-064","1",1,2,1,1,1,2,1,2,2
"7758","2003-065","1",1,2,2,2,1,2,1,2,2
"7759","2003-066","8",2,2,2,2,2,2,2,2,2
"7760","2003-067","8",1,1,1,1,1,1,1,1,1
"7761","2003-068","3",1,1,1,1,1,1,1,1,1
"7763","2003-070","8",1,1,1,1,1,1,1,1,1
"7764","2003-071","1",1,1,1,1,1,1,1,1,1
"7765","2003-072","10",1,2,2,1,1,2,1,2,2
"7766","2003-073","2",2,2,2,2,2,2,1,2,2
"7768","2003-075","1",1,2,1,1,1,2,1,2,2
"7769","2003-076","10",2,2,2,2,2,2,2,2,2
"7770","2003-077","1",1,1,1,1,1,1,1,2,2
"7771","2003-078","5",2,2,2,2,2,2,2,2,1
"7772","2003-079","1",1,2,2,1,2,2,1,2,2
"7773","2003-080","1",1,2,1,2,1,2,2,2,1
"7774","2003-081","1",1,2,1,1,1,2,1,2,2
"7775","2003-082","5",1,1,1,1,1,2,1,2,1
"7776","2003-083","1",1,2,1,1,1,2,1,2,2
"7777","2003-084","1",1,2,1,1,1,2,1,2,2
"7778","2003-085","1",1,2,2,1,2,2,1,2,2
"7779","2003-086","4",2,2,2,2,2,2,1,2,2
"7780","2003-087","1",1,2,1,1,2,2,1,2,2
"7781","2003-088","1",1,2,1,1,1,2,1,2,2
"7783","2003-090","3",1,2,1,1,2,2,2,2,1
"7784","2003-091","8",1,2,2,1,2,2,1,2,2
"7785","2004-001","2",2,2,2,2,2,2,2,2,2
"7786","2004-002","8",1,1,1,1,1,1,1,1,1
"7787","2004-003","1",2,2,2,1,2,2,1,2,2
"7788","2004-004","8",1,1,1,2,1,1,1,1,1
"7789","2004-005","3",1,1,1,1,1,1,1,1,1
"7791","2004-007","8",2,2,2,2,2,2,2,2,2
"7792","2004-008","9",1,2,1,1,1,2,1,2,1
"7794","2004-010","8",1,2,1,1,1,1,1,2,1
"7796","2004-012","8",2,1,2,2,2,2,2,2,2
"7797","2004-013","1",1,1,1,1,1,1,1,1,1
"7798","2004-014","1",2,1,2,1,2,1,1,2,2
"7799","2004-015","2",1,2,1,1,1,2,1,2,2
"7800","2004-016","2",1,2,2,2,2,2,1,2,2
"7803","2004-019","9",1,1,1,1,1,1,1,1,1
"7804","2004-020","9",1,1,1,1,1,1,1,1,1
"7805","2004-021","1",1,2,2,2,1,2,2,1,1
"7808","2004-024","1",1,2,1,1,2,2,1,2,2
"7810","2004-026","8",2,2,2,2,2,2,2,2,2
"7812","2004-028","9",1,2,2,2,2,2,1,2,2
"7813","2004-029","1",2,2,2,2,1,2,2,2,2
"7814","2004-030","1",1,1,1,1,1,1,1,1,1
"7815","2004-031","2",1,1,1,1,1,1,1,1,1
"7817","2004-033","2",1,2,2,1,1,2,1,2,2
"7818","2004-034","2",1,2,1,1,1,1,1,1,1
"7820","2004-036","1",2,2,2,2,2,2,2,2,2
"7821","2004-037","9",2,2,2,2,2,2,2,2,2
"7822","2004-038","9",1,2,1,2,2,1,1,2,1
"7823","2004-039","8",2,2,2,2,2,2,2,2,2
"7824","2004-040","8",1,1,1,1,1,1,1,1,1
"7825","2004-041","1",1,1,1,2,1,2,1,2,2
"7827","2004-043","9",1,2,1,1,1,2,1,2,2
"7828","2004-044","10",1,1,1,2,1,1,2,1,1
"7829","2004-045","8",1,1,1,2,2,2,1,2,2
"7830","2004-046","4",2,2,2,2,2,2,2,2,2
"7831","2004-047","3",1,2,1,1,2,2,1,1,1
"7832","2004-048","3",1,2,1,1,1,2,1,2,1
"7833","2004-049","4",2,2,2,1,2,2,1,2,2
"7834","2004-050","9",1,2,2,1,1,2,1,1,2
"7835","2004-051","1",2,2,2,2,2,2,2,2,2
"7836","2004-052","3",2,2,2,2,2,2,2,2,2
"7837","2004-053","3",2,2,2,1,2,2,1,2,2
"7838","2004-054","10",1,2,1,2,2,2,1,2,2
"7839","2004-055","10",1,2,2,1,2,2,1,2,2
"7840","2004-056","2",1,2,1,1,2,2,2,2,2
"7841","2004-057","2",2,2,2,2,2,2,1,2,2
"7842","2004-058","1",1,1,1,1,1,1,1,1,1
"7843","2004-059","8",2,2,2,2,2,2,2,2,2
"7844","2004-060","4",1,1,1,1,1,1,1,1,1
"7845","2004-061","1",1,2,2,1,2,2,1,2,2
"7846","2004-062","9",2,2,2,2,2,2,2,2,2
"7847","2004-063","4",2,2,2,2,2,2,2,2,2
"7848","2004-064","1",1,2,1,1,1,2,1,2,2
"7849","2004-065","1",1,2,2,1,1,2,1,2,2
"7850","2004-066","9",1,1,1,1,1,1,1,2,2
"7851","2004-067","8",2,2,2,2,2,2,2,2,2
"7852","2004-068","10",2,1,2,1,2,1,1,1,1
"7853","2004-069","4",1,2,1,1,2,2,1,2,2
"7854","2004-070","9",1,2,1,1,1,2,1,1,1
"7855","2004-071","9",2,1,1,2,2,2,2,1,1
"7856","2004-072","8",2,2,2,2,2,2,2,2,2
"7857","2004-073","2",2,2,2,1,2,2,1,2,2
"7858","2004-074","1",1,2,1,1,1,2,1,1,1
"7859","2004-075","3",1,2,2,1,1,2,1,2,1
"7860","2004-076","4",1,2,1,1,1,1,1,2,1
"7861","2004-077","9",1,2,1,1,1,2,1,2,2
"7862","2004-078","3",1,2,2,1,1,2,1,2,2
"7863","2004-079","8",1,1,1,1,1,1,1,1,1
"7864","2004-080","9",1,1,1,2,1,2,1,2,1
